name,position,price,match,mål,assist,matchavgorande_mål,mål_i_numerart_underlage,+_-,spelad_match_och_istid,skott_på_mål,tekningar,blockerade_skott,utvisningar,tacklingar,raddningar,inslappta_mål,hållna_nollor,vinster,overtidsvinster,overtidsforluster,agandeskap,stat_24,stat_25
Filip Hållander,FW,10.2 mkr,354,4.8,6.9,100,81,8,0,32,118,14,0,8,-9,2,0,0,0,0,0,,
Jakob Silfverberg,FW,9.7 mkr,348,5.6,6.7,92,72,18,0,28,115,15,0,5,0,0,0,0,0,0,0,,
David Tomasek,C,10.3 mkr,337,6,7.2,100,96,8,0,10,102,9,29,2,-21,2,0,0,0,0,0,,
Victor Söderström,B,9.8 mkr,336,6.2,6.9,36,84,6,0,56,141,10,0,11,-8,0,0,0,0,0,0,,
Johan Larsson,C,9.9 mkr,335,2.4,6.4,52,63,6,0,30,130,11,31,9,-18,21,0,0,0,0,0,,
Charle-Édouard D'Astous,B,9.7 mkr,335,2.6,6.8,48,75,4,0,54,142,15,0,14,-26,9,0,0,0,0,0,,
Oskar Steen,FW,9.2 mkr,325,2.6,6.3,116,45,16,0,38,109,13,0,0,-20,8,0,0,0,0,0,,
Patrik Karlkvist,FW,9.8 mkr,322,6.2,6.3,76,90,10,0,20,114,12,0,7,-11,4,0,0,0,0,0,,
Oscar Lindberg,C,10.0 mkr,317,11,6.1,76,84,8,0,2,117,13,19,10,-22,10,0,0,0,0,0,,
Henrik Tömmernes,B,9.9 mkr,299,7.8,6.1,24,99,0,0,14,145,7,0,17,-11,4,0,0,0,0,0,,
Linus Hultström,B,8.9 mkr,298,6.2,5.7,44,93,4,0,12,128,13,0,12,-10,2,0,0,0,0,0,,
Brian O'Neill,C,9.4 mkr,279,5.8,5.5,44,72,6,0,24,112,4,6,3,-7,15,0,0,0,0,0,,
Rickard Hugg,FW,9.0 mkr,277,8.4,5.5,76,57,6,0,20,112,6,0,5,-7,2,0,0,0,0,0,,
Jonathan Dahlén,FW,9.5 mkr,276,-0.2,6,68,87,8,0,10,97,10,0,0,-6,2,0,0,0,0,0,,
Mathias Bromé,FW,9.3 mkr,275,8,5.3,72,54,4,0,24,117,7,0,1,-5,1,0,0,0,0,0,,
Anton Wedin,FW,9.0 mkr,274,6.6,5.5,64,72,6,0,20,106,12,-3,0,-6,3,0,0,0,0,0,,
Marian Studenic,FW,9.5 mkr,274,2.6,5.5,56,90,8,0,22,102,6,0,3,-14,1,0,0,0,0,0,,
Max Friberg,FW,8.8 mkr,274,3.2,5.4,52,63,6,0,0,140,6,0,10,-10,7,0,0,0,0,0,,
Lassi Thomson,B,8.8 mkr,271,5.8,5.4,68,36,6,0,4,135,18,0,5,-13,12,0,0,0,0,0,,
Jack Kopacka,FW,8.2 mkr,269,4.8,5.2,72,48,6,0,20,104,16,0,2,-3,4,0,0,0,0,0,,
Patrik Puistola,FW,8.7 mkr,264,3,5.1,72,63,12,0,-4,113,5,0,6,-6,3,0,0,0,0,0,,
David Quenneville,B,9.2 mkr,263,5.8,5.7,40,81,2,0,-4,118,16,0,13,-6,3,0,0,0,0,0,,
Justin Kloos,FW,8.7 mkr,262,6,5.0,72,45,4,0,20,112,11,-5,8,-7,2,0,0,0,0,0,,
Viktor Lodin,FW,8.7 mkr,261,8.4,5.2,68,81,4,0,6,105,9,-3,4,-23,10,0,0,0,0,0,,
Henrik Borgström,C,8.4 mkr,259,-0.2,5.3,76,78,6,0,-24,116,11,0,1,-5,0,0,0,0,0,0,,
Anton Rödin,FW,8.4 mkr,258,3.6,5.1,52,72,4,0,26,108,5,0,1,-17,4,0,0,0,0,0,,
Bobby Trivigno,FW,8.3 mkr,256,0.8,5.2,68,39,12,0,28,97,5,0,5,-10,12,0,0,0,0,0,,
Oskar Lindblom,FW,8.8 mkr,255,5.4,4.9,52,45,4,0,40,103,4,-1,6,-9,11,0,0,0,0,0,,
Fredrik Händemark,C,8.7 mkr,251,4.6,4.9,28,51,0,0,-6,106,5,58,9,-15,12,0,0,0,0,0,,
Jesper Sellgren,B,9.3 mkr,251,2.8,5.0,20,42,0,0,22,141,3,0,21,-3,5,0,0,0,0,0,,
Jonathan Pudas,B,9.1 mkr,250,0,5.3,28,69,2,0,4,137,5,0,17,-12,0,0,0,0,0,0,,
Robin Salo,B,8.7 mkr,247,5.2,4.8,20,66,0,0,0,146,11,0,8,-5,1,0,0,0,0,0,,
Markus Ljungh,C,7.9 mkr,246,2,4.8,44,72,6,0,-8,109,3,23,5,-10,2,0,0,0,0,0,,
Anton Heikkinen,FW,8.0 mkr,244,9.4,4.7,64,39,10,0,20,103,7,0,7,-10,1,0,0,0,0,0,,
Oliver Kapanen,C,9.6 mkr,244,6.6,6.8,60,60,4,0,6,86,12,11,8,-6,3,0,0,0,0,0,,
Olle Alsing,B,8.4 mkr,244,4.2,4.8,24,63,0,0,6,141,4,0,10,-5,1,0,0,0,0,0,,
Christoffer Ehn,FW,8.5 mkr,241,5.8,4.6,56,39,4,0,18,114,1,0,2,-2,3,0,0,0,0,0,,
Ty Rattie,FW,8.1 mkr,240,5.6,4.6,52,72,6,0,-4,104,14,0,3,-7,0,0,0,0,0,0,,
Axel Sandin-Pellikka,B,8.7 mkr,240,6.2,5.2,48,51,10,0,-2,120,17,0,4,-11,3,0,0,0,0,0,,
Joel Kellman,C,8.4 mkr,239,2.6,4.7,40,72,4,0,26,104,6,-7,5,-13,2,0,0,0,0,0,,
David Bernhardt,B,8.4 mkr,239,4.8,4.7,40,66,2,0,10,124,4,0,8,-18,3,0,0,0,0,0,,
Joel Nyström,B,9.0 mkr,239,4.2,4.7,24,63,0,0,36,112,5,0,3,-4,0,0,0,0,0,0,,
Robin Kovacs,FW,8.7 mkr,238,3.6,4.7,68,63,10,0,-8,110,6,0,4,-19,4,0,0,0,0,0,,
Filip Cederqvist,FW,8.3 mkr,237,5.4,4.7,56,42,6,0,20,100,11,0,2,-6,6,0,0,0,0,0,,
Max Veronneau,FW,8.5 mkr,237,1,4.6,48,48,10,0,18,107,9,0,1,-4,0,0,0,0,0,0,,
Christian Folin,B,8.5 mkr,237,5.8,4.6,24,27,2,0,14,118,2,0,21,-11,40,0,0,0,0,0,,
Per Svensson,B,8.1 mkr,235,3.2,4.6,12,36,0,0,38,112,0,0,15,-2,24,0,0,0,0,0,,
Jesper Olofsson,FW,8.7 mkr,234,1.2,4.8,52,57,4,0,16,98,10,0,3,-10,4,0,0,0,0,0,,
Mikkel Aagaard,FW,8.7 mkr,233,2.8,4.5,68,39,6,0,4,112,14,0,1,-19,8,0,0,0,0,0,,
Anton Levtchi,FW,9.4 mkr,232,3,5.9,60,66,12,0,12,80,5,0,0,-6,3,0,0,0,0,0,,
Carl Persson,FW,7.6 mkr,231,3.8,4.4,52,33,8,0,12,105,6,0,1,-7,21,0,0,0,0,0,,
Theodor Niederbach,FW,7.7 mkr,231,3.6,4.5,40,66,6,0,12,99,1,6,2,-4,0,0,0,0,0,0,,
Frédéric Allard,B,8.2 mkr,229,7.2,4.4,20,51,0,0,44,123,4,0,6,-19,0,0,0,0,0,0,,
Filip Berglund,B,7.9 mkr,228,4.4,4.5,40,45,2,0,-8,138,5,0,7,-5,4,0,0,0,0,0,,
Josh Dickinson,C,8.5 mkr,228,4.2,4.4,36,63,6,0,-8,108,7,13,7,-12,8,0,0,0,0,0,,
Linus Söderström,MV,9.8 mkr,225,4.6,6.3,0,9,0,4,0,36,0,0,0,0,0,159,-88,12,54,3,,
Lassi Lehtinen,MV,9.6 mkr,225,5.6,5.6,0,0,0,6,0,39,0,0,0,0,0,203,-115,4,42,6,,
Brendan Shinnimin,FW,8.6 mkr,224,6.8,4.8,64,42,10,0,22,99,8,0,1,-26,4,0,0,0,0,0,,
Magnus Nygren,B,8.3 mkr,224,7.8,4.4,32,60,0,0,4,118,4,0,11,-8,3,0,0,0,0,0,,
Linus Omark,FW,8.6 mkr,223,4.4,4.5,48,66,8,0,-2,105,3,0,2,-7,0,0,0,0,0,0,,
Emil Pettersson,C,8.1 mkr,219,2,4.2,48,66,2,0,-16,109,7,9,3,-13,4,0,0,0,0,0,,
Linus Weissbach,FW,8.2 mkr,219,0,4.7,48,63,4,0,6,105,2,0,3,-12,0,0,0,0,0,0,,
Simon Forsmark,B,7.9 mkr,219,1.6,4.5,16,57,2,0,22,112,1,0,12,-5,2,0,0,0,0,0,,
Lucas Ekeståhl-Jonsson,B,7.3 mkr,214,1.2,4.2,28,63,4,0,-8,124,5,0,5,-9,2,0,0,0,0,0,,
Simon Bertilsson,B,7.8 mkr,210,2.8,4.3,16,18,0,0,18,112,2,0,27,-16,33,0,0,0,0,0,,
Arvid Holm,MV,9.1 mkr,210,6.8,6,0,0,0,6,0,34,0,0,0,-1,0,146,-70,12,42,6,,
Brady Ferguson,C,8.1 mkr,209,3.8,4.4,40,30,8,0,10,98,1,20,5,-5,2,0,0,0,0,0,,
Axel Sundberg,FW,7.0 mkr,208,3,4,44,45,6,0,-12,103,8,-1,2,-3,16,0,0,0,0,0,,
Remi Elie,FW,8.4 mkr,207,3.6,4.2,60,33,2,0,16,100,4,0,3,-20,9,0,0,0,0,0,,
Joachim Blichfeld,FW,7.7 mkr,207,3.8,4.1,60,30,10,0,-6,103,13,0,1,-7,3,0,0,0,0,0,,
Patrick Russell,FW,8.0 mkr,206,5.4,4.0,48,48,4,0,10,106,5,-13,2,-8,4,0,0,0,0,0,,
Adam Ollas Mattsson,B,8.1 mkr,206,3.2,4.1,12,33,0,0,6,131,4,0,11,-8,17,0,0,0,0,0,,
Dylan McLaughlin,C,8.2 mkr,205,7.4,4.0,44,54,6,0,4,106,9,-19,1,-1,1,0,0,0,0,0,,
Miks Indrasis,FW,8.1 mkr,205,1.4,4.3,24,69,0,0,16,99,2,0,1,-7,1,0,0,0,0,0,,
Oscar Fantenberg,B,9.1 mkr,205,9.2,5.4,24,42,4,0,-4,109,18,0,13,-7,6,0,0,0,0,0,,
Marcus Hardegård,B,7.9 mkr,205,4,4.3,20,21,8,0,20,124,4,0,14,-11,5,0,0,0,0,0,,
Dennis Everberg,FW,8.3 mkr,204,5.6,4.6,52,27,6,0,0,96,7,0,5,-12,23,0,0,0,0,0,,
Pontus Andreasson,FW,7.3 mkr,204,2.4,3.9,24,66,2,0,12,104,5,8,0,-17,0,0,0,0,0,0,,
Arvid Lundberg,B,8.0 mkr,203,5.6,4.2,12,45,2,0,28,111,7,0,10,-15,3,0,0,0,0,0,,
Johannes Kinnvall,B,8.0 mkr,203,4.4,4.0,12,33,0,0,22,120,1,0,13,-5,7,0,0,0,0,0,,
Matt Caito,B,7.7 mkr,202,1,3.9,20,33,4,0,0,140,7,0,7,-10,1,0,0,0,0,0,,
Anton Bengtsson,FW,8.0 mkr,201,6.2,4.4,28,51,2,0,16,92,1,-5,2,-2,16,0,0,0,0,0,,
Kalle Kossila,C,8.8 mkr,198,2.8,5.4,44,54,4,0,8,81,5,9,2,-9,0,0,0,0,0,0,,
Jakub Galvas,B,8.0 mkr,198,3.2,4.4,28,45,2,0,12,110,2,0,5,-6,0,0,0,0,0,0,,
Joel Persson,B,8.4 mkr,197,1.2,4.6,12,60,0,0,0,112,12,0,7,-6,0,0,0,0,0,0,,
Pär Lindholm,C,7.5 mkr,195,3,3.9,28,45,2,0,4,103,4,3,6,-11,8,0,0,0,0,0,,
Markus Nurmi,FW,7.7 mkr,194,3.4,4.4,40,42,2,0,14,88,2,0,0,-9,15,0,0,0,0,0,,
Anton Lander,C,7.8 mkr,193,1.2,3.9,32,30,0,0,14,103,1,8,1,-12,16,0,0,0,0,0,,
Oskar Lang,FW,7.8 mkr,192,6,3.9,44,33,4,0,2,100,6,0,5,-3,1,0,0,0,0,0,,
Sebastian Hartmann,FW,7.1 mkr,192,3.8,3.8,40,21,10,0,14,102,2,0,2,-13,14,0,0,0,0,0,,
Hannes Björninen,C,8.2 mkr,192,2.4,4,24,51,0,0,-10,105,4,28,7,-20,3,0,0,0,0,0,,
Filip Johansson,B,7.2 mkr,191,2.2,3.7,32,27,2,0,2,113,11,0,5,-8,7,0,0,0,0,0,,
Matteus Ward,MV,9.0 mkr,191,3.2,6.0,0,6,0,20,0,31,0,0,0,0,0,126,-71,12,33,2,,
Joona Luoto,FW,8.2 mkr,190,1.6,4.8,48,39,6,0,-18,106,8,0,11,-11,1,0,0,0,0,0,,
Félix Robert,C,7.5 mkr,190,4.8,3.7,36,30,6,0,14,102,2,0,3,-10,7,0,0,0,0,0,,
Isac Born,FW,6.9 mkr,189,5.8,3.7,36,18,6,0,18,101,0,0,3,-2,3,0,0,0,0,0,,
Marcus Karlberg,FW,6.9 mkr,188,1.4,3.7,52,30,6,0,-10,102,2,0,3,-12,12,0,0,0,0,0,,
Paul LaDue,B,7.3 mkr,188,2.2,3.8,20,36,2,0,-14,135,4,0,9,-12,5,0,0,0,0,0,,
Tim Juel,MV,8.6 mkr,188,2.2,6.1,0,3,0,4,0,28,0,0,0,0,0,134,-59,8,36,3,,
Jonathan Ang,FW,8.6 mkr,187,3.6,5.2,52,54,2,0,6,84,6,-7,3,-16,0,0,0,0,0,0,,
Robert Leino,C,7.3 mkr,187,2,3.8,20,66,0,0,-10,102,2,12,4,-10,1,0,0,0,0,0,,
Jordan Schroeder,C,7.8 mkr,186,2.8,4.0,28,42,2,0,16,93,5,2,2,-5,1,0,0,0,0,0,,
Isac Heens,B,7.2 mkr,186,6,3.6,12,42,2,0,8,108,0,0,20,-6,0,0,0,0,0,0,,
Linus Nässén,B,7.4 mkr,186,1.4,3.8,8,48,0,0,16,116,1,0,5,-8,0,0,0,0,0,0,,
Lars Johansson,MV,9.6 mkr,186,5.2,5.8,0,3,0,6,0,29,0,0,0,-3,0,122,-64,12,48,1,,
Nikola Pasic,FW,7.2 mkr,185,3.4,3.7,32,48,4,0,0,99,6,0,1,-6,1,0,0,0,0,0,,
Erik Gustafsson,B,8.2 mkr,185,0,4.5,12,54,0,0,-6,118,3,0,13,-9,0,0,0,0,0,0,,
Mattias Norlinder,B,7.4 mkr,184,1.2,3.7,20,42,0,0,-44,136,7,0,24,-11,10,0,0,0,0,0,,
Peetro Seppälä,B,7.1 mkr,183,3.6,3.6,12,36,2,0,8,121,2,0,7,-8,3,0,0,0,0,0,,
Max Lindholm,FW,7.1 mkr,182,5.4,3.6,48,36,4,0,-4,101,8,0,3,-14,0,0,0,0,0,0,,
Glenn Gustafsson,FW,7.4 mkr,182,7.4,3.5,20,24,2,0,0,103,2,1,10,-11,31,0,0,0,0,0,,
Radan Lenc,FW,7.0 mkr,181,2.2,3.5,44,30,2,0,2,101,1,0,5,-12,8,0,0,0,0,0,,
Patrik Zackrisson,FW,7.5 mkr,181,3.4,3.9,24,45,4,0,12,93,3,-2,2,-8,5,0,0,0,0,0,,
Robin Hanzl,C,7.5 mkr,179,2,3.7,32,45,2,0,-8,105,1,11,2,-12,1,0,0,0,0,0,,
Gustav Backström,B,7.2 mkr,179,4.8,3.9,20,15,2,0,14,106,2,0,18,-2,4,0,0,0,0,0,,
Riley Woods,FW,8.0 mkr,178,5.4,3.6,52,36,2,0,-10,96,4,2,1,-6,1,0,0,0,0,0,,
Jonathan Johnson,C,8.1 mkr,178,6.6,3.7,24,66,0,0,-2,96,2,-3,3,-10,2,0,0,0,0,0,,
Linus Ölund,C,7.2 mkr,178,2,3.6,20,42,0,0,22,99,0,-22,6,-5,16,0,0,0,0,0,,
Johan Olofsson,FW,7.3 mkr,177,4.8,3.6,36,30,4,0,10,96,2,0,2,-8,5,0,0,0,0,0,,
Michael Kapla,B,8.8 mkr,177,4.6,5.1,24,42,2,0,6,100,5,0,1,-5,2,0,0,0,0,0,,
Tanner Kero,C,7.6 mkr,176,5.8,3.4,36,39,2,0,-18,107,3,4,5,-7,5,0,0,0,0,0,,
Nicholas Shore,C,8.1 mkr,176,3,4.1,32,42,0,0,0,91,3,13,2,-11,1,0,0,0,0,0,,
Albin Sundsvik,C,7.5 mkr,175,3.8,3.9,40,33,0,0,2,89,2,2,4,-5,5,0,0,0,0,0,,
Rasmus Rissanen,B,7.3 mkr,175,2.4,3.4,8,27,0,0,-8,137,0,0,11,-7,7,0,0,0,0,0,,
Sampo Ranta,FW,7.6 mkr,172,2.2,3.6,40,45,4,0,-36,100,16,0,6,-6,3,0,0,0,0,0,,
Linus Sandin,FW,7.9 mkr,172,2.8,3.5,40,36,6,0,-22,106,6,0,3,-6,3,0,0,0,0,0,,
Dennis Rasmussen,C,8.1 mkr,172,0.2,3.7,36,36,4,0,-4,101,1,1,0,-4,1,0,0,0,0,0,,
Dominik Egli,B,8.3 mkr,172,0,4.5,16,42,4,0,0,96,6,0,11,-9,6,0,0,0,0,0,,
David Rundblad,B,7.3 mkr,171,5.2,3.6,12,54,0,0,12,94,0,0,5,-8,2,0,0,0,0,0,,
Michael Lindqvist,FW,7.8 mkr,170,1.2,3.8,32,39,0,0,10,90,1,0,5,-7,0,0,0,0,0,0,,
Joakim Nygård,FW,8.3 mkr,169,3.6,4.1,56,30,6,0,0,84,5,0,1,-17,4,0,0,0,0,0,,
Elmeri Eronen,B,6.9 mkr,169,2.2,3.3,0,33,0,0,6,122,3,0,12,-7,0,0,0,0,0,0,,
Emil Larmi,MV,8.8 mkr,168,1.4,5.3,0,3,0,8,0,32,0,0,0,-1,0,126,-79,12,30,5,,
Erik Thorell,FW,7.6 mkr,166,0,3.9,52,33,8,0,-16,84,5,0,2,-5,3,0,0,0,0,0,,
Sebastian Strandberg,C,7.9 mkr,166,0,3.9,32,42,8,0,2,88,2,-9,4,-4,1,0,0,0,0,0,,
Martins Dzierkals,FW,6.6 mkr,166,2.4,3.2,28,18,4,0,6,103,1,0,3,-13,10,0,0,0,0,0,,
Mikael Ruohomaa,C,7.7 mkr,165,4.2,3.6,36,54,6,0,-24,97,4,-2,1,-7,0,0,0,0,0,0,,
Axel Bergkvist,B,7.2 mkr,165,4.2,3.6,32,33,2,0,2,94,4,0,3,-5,0,0,0,0,0,0,,
Petter Granberg,B,6.9 mkr,165,2.6,3.2,12,18,2,0,8,110,0,0,14,-9,10,0,0,0,0,0,,
Johan Södergran,FW,6.6 mkr,164,2,3.3,48,33,2,0,-14,100,3,0,3,-13,2,0,0,0,0,0,,
Greg Scott,FW,6.6 mkr,164,3.4,3.2,32,18,2,0,0,100,3,2,4,-5,2,0,0,0,0,0,,
Emil Larsson,FW,7.2 mkr,163,2.6,3.2,24,21,4,0,8,101,2,0,5,-6,4,0,0,0,0,0,,
Jesper Myrenberg,MV,8.5 mkr,163,6.6,5.8,0,0,0,10,0,25,0,0,0,0,0,118,-63,12,27,6,,
André Petersson,FW,8.1 mkr,162,6,4.1,56,30,2,0,-12,82,5,0,3,-5,1,0,0,0,0,0,,
Kalle Östman,C,8.2 mkr,162,0,3.6,48,39,2,0,-14,85,5,-3,2,-4,2,0,0,0,0,0,,
Erik Walli-Walterholm,FW,6.1 mkr,162,0.6,3.1,32,15,2,0,-10,105,6,0,2,-20,27,0,0,0,0,0,,
Eric Martinsson,B,7.6 mkr,162,0,3.5,28,30,2,0,4,103,2,0,1,-8,0,0,0,0,0,0,,
Manuel Ågren,FW,6.7 mkr,161,0.4,3.3,32,27,0,0,-4,99,4,0,5,-5,3,0,0,0,0,0,,
Nicklas Lasu,C,7.0 mkr,161,2.6,3.2,16,21,4,0,0,98,3,2,7,-8,18,0,0,0,0,0,,
Lukas Vejdemo,C,7.4 mkr,160,3.4,3.3,24,27,4,0,-16,105,6,8,5,-9,6,0,0,0,0,0,,
Felix Nilsson,FW,7.1 mkr,160,2.8,4,20,51,2,0,6,80,1,0,0,-2,2,0,0,0,0,0,,
Jhonas Enroth,MV,8.5 mkr,159,3,6.1,0,3,0,2,0,26,0,0,0,0,0,104,-60,12,42,4,,
Erik Källgren,MV,8.5 mkr,159,1.2,5.0,0,3,0,14,0,30,0,0,0,-5,0,118,-82,8,39,2,,
William Wikman,FW,6.6 mkr,158,2.8,3.2,28,21,0,0,6,98,1,0,6,-7,5,0,0,0,0,0,,
Per Åslund,FW,7.9 mkr,157,0.8,3.9,36,42,4,0,0,80,3,0,1,-12,3,0,0,0,0,0,,
Elias Rosén,B,6.6 mkr,157,4.8,3.1,16,42,0,0,-2,100,2,0,4,-5,0,0,0,0,0,0,,
Linus Högberg,B,7.5 mkr,157,0,3.6,12,42,0,0,0,100,1,0,6,-4,0,0,0,0,0,0,,
Tobias Winberg,B,7.0 mkr,157,2.8,3.1,8,21,0,0,-4,130,1,0,10,-11,2,0,0,0,0,0,,
Axel Andersson,B,6.3 mkr,156,1.2,3.1,12,24,4,0,4,101,1,0,11,-4,3,0,0,0,0,0,,
Christoffer Forsberg,C,6.6 mkr,155,3,3.0,16,27,0,0,0,104,0,8,2,-5,0,0,0,0,0,0,,
Oscar Fisker Molgaard,C,7.4 mkr,154,2.4,4.1,20,42,2,0,14,75,1,-2,1,0,1,0,0,0,0,0,,
Brian Cooper,B,6.8 mkr,154,1.8,3.1,16,15,0,0,4,122,0,0,6,-26,17,0,0,0,0,0,,
Joonas Lyytinen,B,6.8 mkr,153,2.8,3.3,12,27,2,0,6,107,4,0,7,-17,2,0,0,0,0,0,,
Robin Norell,B,6.7 mkr,153,3.8,2.9,4,12,0,0,16,116,1,0,10,-14,8,0,0,0,0,0,,
David Edstrom,C,7.8 mkr,152,2.6,3.9,28,36,4,0,26,78,1,-21,4,-5,1,0,0,0,0,0,,
Emil Sylvegård,FW,7.0 mkr,151,4,2.9,36,18,4,0,-18,105,1,0,4,-7,8,0,0,0,0,0,,
Hugo Gustafsson,FW,7.5 mkr,151,2.4,3.9,28,27,4,0,8,78,4,0,2,0,0,0,0,0,0,0,,
Eetu Koivistoinen,C,6.8 mkr,151,2.2,3.0,28,9,0,0,2,102,2,8,5,-7,2,0,0,0,0,0,,
Arttu Ruotsalainen,FW,7.8 mkr,150,5,3.5,44,33,8,0,-22,86,8,-5,3,-8,3,0,0,0,0,0,,
Jonas Berglund,C,6.9 mkr,150,1.6,3.2,28,12,0,0,20,90,1,1,1,-4,1,0,0,0,0,0,,
Magnus Pääjärvi,FW,6.5 mkr,150,1.2,2.9,28,12,6,0,-10,105,1,0,6,-2,4,0,0,0,0,0,,
Joey LaLeggia,B,8.5 mkr,149,3.4,4.5,12,69,2,0,-30,91,6,0,3,-4,0,0,0,0,0,0,,
Marcus Westfält,C,6.8 mkr,148,2.6,2.9,20,18,0,0,18,98,1,-11,4,-5,2,0,0,0,0,0,,
Tyler Vesel,C,6.6 mkr,148,2.4,3.1,16,27,0,0,10,92,2,-7,11,-3,0,0,0,0,0,0,,
Eddie Larsson,B,7.0 mkr,148,3.2,3.4,4,24,0,0,20,96,0,0,7,-13,10,0,0,0,0,0,,
Joona Ikonen,FW,7.2 mkr,147,2.8,3,32,24,2,0,-20,101,6,0,5,-6,3,0,0,0,0,0,,
Max Lagacé,MV,8.4 mkr,147,0,4.7,0,0,0,10,0,27,0,0,0,-1,0,108,-80,8,39,5,,
Anton Johansson,B,7.1 mkr,146,4.4,3.2,20,15,0,0,-4,98,8,0,6,-19,22,0,0,0,0,0,,
Christopher Mastomäki,C,6.3 mkr,145,9.4,3.0,28,24,0,0,-4,95,2,10,1,-12,1,0,0,0,0,0,,
Oskari Laaksonen,B,8.5 mkr,145,10.2,6.0,20,39,4,0,16,65,5,0,8,-16,4,0,0,0,0,0,,
Lance Bouma,FW,7.1 mkr,145,3.6,3.1,20,21,0,0,-8,93,0,0,2,-4,21,0,0,0,0,0,,
Tom Nilsson,B,6.8 mkr,145,0.6,3.2,16,9,0,0,-4,99,1,0,22,-7,9,0,0,0,0,0,,
Stian Solberg,B,6.7 mkr,144,2.2,3.2,12,27,0,0,2,85,1,0,6,-8,19,0,0,0,0,0,,
Pontus Själin,B,7.1 mkr,144,1.4,3,8,12,0,0,8,100,1,0,21,-10,4,0,0,0,0,0,,
Alexander True,C,6.5 mkr,143,2.2,2.8,28,30,2,0,-30,109,0,-1,8,-8,2,0,0,0,0,0,,
Sean Day,B,7.2 mkr,143,0.8,3.2,8,27,0,0,-34,121,3,0,12,-3,9,0,0,0,0,0,,
Ludvig Persson,MV,8.0 mkr,142,1.6,6.2,0,0,0,2,0,20,0,0,0,0,0,83,-37,8,42,1,,
Linus Öberg,FW,6.7 mkr,141,7.2,2.7,28,9,4,0,-2,99,1,0,2,-4,1,0,0,0,0,0,,
Pontus Johansson,B,6.0 mkr,141,2.2,2.8,12,24,0,0,0,108,2,0,5,-10,0,0,0,0,0,0,,
Jonas Arntzen,MV,8.1 mkr,141,1.2,5.2,0,3,0,6,0,26,0,0,0,0,0,128,-71,4,12,6,,
Henrik Björklund,FW,6.9 mkr,140,4.2,2.9,32,27,0,0,-8,87,1,-2,7,-6,2,0,0,0,0,0,,
Lucas Elvenes,FW,7.9 mkr,140,1.8,3.7,16,78,0,0,-28,83,0,0,2,-12,1,0,0,0,0,0,,
Lukas Jasek,C,7.3 mkr,139,2.2,2.7,32,30,2,0,-42,117,6,-5,4,-9,1,0,0,0,0,0,,
Linus Arnesson,B,6.4 mkr,139,2.6,2.8,0,27,0,0,-14,108,1,0,11,-3,9,0,0,0,0,0,,
Peter Cehlarik,FW,8.2 mkr,138,2.4,3.5,48,27,4,0,-20,77,7,0,4,-10,1,0,0,0,0,0,,
Jacob Peterson,C,6.9 mkr,138,1,2.7,36,21,2,0,-22,100,2,1,2,-6,2,0,0,0,0,0,,
Teemu Kivihalme,B,6.8 mkr,138,2,3.2,8,36,2,0,-12,102,2,0,4,-4,0,0,0,0,0,0,,
Theo Lindstein,B,6.4 mkr,137,3.4,3.1,16,18,0,0,18,82,1,0,4,-3,1,0,0,0,0,0,,
Calle Själin,B,7.7 mkr,137,3.6,3.9,16,15,4,0,-2,84,5,0,14,-4,5,0,0,0,0,0,,
Noah Hasa,C,6.6 mkr,137,3.4,3.2,16,12,2,0,20,81,1,-3,11,-6,3,0,0,0,0,0,,
Milton Oscarson,C,6.3 mkr,136,3.2,2.6,20,18,0,0,-26,106,1,-12,14,-7,22,0,0,0,0,0,,
Jacob Johansson,MV,8.4 mkr,136,1.2,5.7,0,3,0,4,0,21,0,0,0,0,0,84,-54,20,33,1,,
Melvin Fernström,FW,6.2 mkr,135,0.4,3,32,27,4,0,-20,81,4,0,8,-2,1,0,0,0,0,0,,
Oscar Engsund,B,6.9 mkr,132,2.8,2.8,0,12,0,0,-34,107,1,0,26,-13,33,0,0,0,0,0,,
Jérémy Groleau,B,7.0 mkr,132,2,3.2,0,12,0,0,20,91,0,0,8,-6,7,0,0,0,0,0,,
Hugo Alnefelt,MV,8.0 mkr,132,2,4.7,0,0,0,4,0,23,0,0,0,-2,0,126,-76,8,18,3,,
Ludvig Claesson,B,6.7 mkr,130,0.6,3.0,4,21,0,0,4,98,3,0,8,-12,4,0,0,0,0,0,,
Victor Sjöholm,B,6.6 mkr,129,2.2,2.7,0,9,0,0,-14,97,2,0,11,-11,35,0,0,0,0,0,,
Henrik Törnqvist,FW,6.6 mkr,128,4.6,2.6,28,24,4,0,-6,99,0,-18,5,-9,1,0,0,0,0,0,,
Andreas Johnson,FW,7.1 mkr,128,3.8,2.7,24,30,2,0,-16,92,3,0,3,-14,4,0,0,0,0,0,,
Leon Bristedt,FW,8.7 mkr,128,3.2,4.6,20,54,0,0,2,54,3,0,2,-14,7,0,0,0,0,0,,
Albin Lundin,C,6.2 mkr,128,4,2.7,20,27,0,0,4,87,1,-12,3,-7,5,0,0,0,0,0,,
William Von Barnekow,FW,6.4 mkr,128,3.2,2.5,20,15,2,0,-8,100,0,-7,5,-7,8,0,0,0,0,0,,
Axel Rindell,B,6.9 mkr,128,1,2.8,4,42,0,0,-22,100,2,0,3,-8,7,0,0,0,0,0,,
Daniel Marmenlind,MV,8.0 mkr,128,1.2,4.7,0,0,0,6,0,24,0,0,0,0,0,110,-71,4,24,4,,
Karl Henriksson,FW,7.2 mkr,127,8.2,3.5,36,15,0,0,12,71,2,-10,2,-5,1,0,0,0,0,0,,
Isac Brännström,FW,6.5 mkr,127,4.4,2.6,12,33,0,0,-20,94,1,0,3,-3,7,0,0,0,0,0,,
Isac Hedqvist,FW,7.1 mkr,125,3.6,3.4,16,30,2,0,10,64,0,0,4,-3,2,0,0,0,0,0,,
Marek Langhamer,MV,7.9 mkr,125,4.6,5,0,3,0,4,0,24,0,0,0,0,0,102,-67,4,30,0,,
Anton Lundmark,FW,6.4 mkr,124,5.2,2.6,20,12,0,0,4,78,3,0,4,0,3,0,0,0,0,0,,
Oscar Pettersson,FW,6.0 mkr,123,3.4,2.4,12,12,0,0,-22,98,1,0,3,-10,29,0,0,0,0,0,,
Zach Giuttari,B,7.1 mkr,123,4.4,2.4,8,18,0,0,-18,115,2,0,7,-9,0,0,0,0,0,0,,
Tobias Normann,MV,7.7 mkr,123,2.2,5.6,0,6,0,8,0,20,0,0,0,-1,0,86,-46,0,27,1,,
Michael Brandsegg-Nygård,FW,6.8 mkr,121,2,2.9,20,18,0,0,-4,83,3,0,3,-18,16,0,0,0,0,0,,
Gregor Biber,B,6.4 mkr,120,3.4,2.6,8,3,0,0,16,85,0,0,2,-12,18,0,0,0,0,0,,
Ludvig Larsson,C,6.9 mkr,119,0,3.0,32,12,2,0,-10,78,2,0,1,-5,7,0,0,0,0,0,,
Henrik Haapala,FW,6.6 mkr,118,2.2,2.4,16,30,2,0,-26,101,1,-2,0,-9,5,0,0,0,0,0,,
Broc Little,FW,7.0 mkr,117,0,3.1,20,33,0,0,-6,74,1,0,1,-6,0,0,0,0,0,0,,
August Tornberg,B,6.5 mkr,117,0.4,2.9,4,12,2,0,22,81,1,0,1,-6,0,0,0,0,0,0,,
Johan Ivarsson,B,6.2 mkr,115,2.8,2.3,0,9,0,0,-12,103,1,0,9,-20,25,0,0,0,0,0,,
David Lilja,FW,6.5 mkr,114,1.8,2.6,32,6,4,0,8,62,0,0,4,-5,3,0,0,0,0,0,,
Jeremy Boyce-Rotevall,FW,5.8 mkr,114,2.2,2.2,12,6,0,0,-10,88,0,-2,9,-4,12,0,0,0,0,0,,
Joel Lassinantti,MV,8.5 mkr,114,2.4,5.4,0,0,0,2,0,20,0,0,0,0,0,84,-52,4,33,2,,
Oskar Nilsson,B,6.3 mkr,113,2.8,2.3,12,12,0,0,-14,111,0,0,10,-22,4,0,0,0,0,0,,
Victor Stjernborg,FW,6.6 mkr,110,0.8,3.0,12,18,0,0,12,70,0,-4,2,-1,1,0,0,0,0,0,,
Jamiro Reber,FW,5.5 mkr,109,0.8,2.3,32,21,4,0,-22,92,1,-16,0,-3,0,0,0,0,0,0,,
Alexander Lundqvist,B,7.0 mkr,109,1.4,2.4,4,12,0,0,-12,100,0,0,5,-6,6,0,0,0,0,0,,
William Worge Kreü,B,6.3 mkr,109,2.2,2.4,0,21,0,0,-14,98,2,0,7,-8,3,0,0,0,0,0,,
Sam Vigneault,C,7.0 mkr,108,1.6,3.4,8,30,0,0,6,63,1,0,4,-5,1,0,0,0,0,0,,
Erik Norén,B,6.1 mkr,108,2.4,2.4,4,18,0,0,0,79,1,0,6,-8,8,0,0,0,0,0,,
Jakob Hellsten,MV,7.6 mkr,108,0,5.4,0,0,0,0,0,19,0,0,0,0,0,84,-51,12,18,6,,
Jon Knuts,C,6.2 mkr,107,1.4,2.1,12,15,0,0,-8,94,0,-11,4,-5,6,0,0,0,0,0,,
Jesper Pettersson,B,6.5 mkr,107,3.2,2.2,0,15,0,0,-6,99,1,0,6,-13,5,0,0,0,0,0,,
Johan Johnsson,C,5.7 mkr,104,5.2,2.2,12,21,0,0,-6,84,0,-4,2,-6,1,0,0,0,0,0,,
Jonathan Davidsson,FW,6.0 mkr,103,6.8,2.3,12,15,2,0,-10,67,1,0,3,-2,15,0,0,0,0,0,,
Marcus Gidlöf,MV,7.5 mkr,103,0.8,6.1,0,0,0,4,0,17,0,0,0,0,0,73,-41,4,27,2,,
Otto Koivula,FW,7.5 mkr,100,2.8,3.3,20,30,2,0,-6,61,0,-1,0,-7,1,0,0,0,0,0,,
Einar Emanuelsson,FW,6.1 mkr,100,2.2,2.3,20,12,2,0,-4,65,3,0,0,0,2,0,0,0,0,0,,
Christian Djoos,B,8.2 mkr,100,2.8,3.6,8,27,0,0,-4,61,0,0,9,-1,0,0,0,0,0,0,,
David Granberg,FW,5.8 mkr,99,1.6,2.4,24,12,2,0,-2,69,0,-6,0,-3,0,0,0,0,0,0,,
Henry Bowlby,FW,6.1 mkr,99,-0.2,2.3,16,9,4,0,-14,84,0,0,0,-11,11,0,0,0,0,0,,
Lucas Forsell,FW,5.8 mkr,98,0.2,2.2,16,15,0,0,-2,76,0,0,3,-13,3,0,0,0,0,0,,
Mattias Göransson,B,5.9 mkr,98,0.2,2.2,12,6,0,0,-10,79,1,0,7,-3,3,0,0,0,0,0,,
Marek Hrivík,C,8.1 mkr,98,1,3.6,8,36,0,0,-6,55,1,5,0,-3,2,0,0,0,0,0,,
Adam Åhman,MV,7.8 mkr,98,4,4.9,0,3,0,10,0,18,0,0,0,0,0,63,-40,4,18,2,,
Oskar Vuollet,FW,5.7 mkr,97,1.8,2.2,16,15,2,0,-6,64,2,0,1,0,3,0,0,0,0,0,,
Sebastian Ohlsson,FW,5.5 mkr,96,1.4,1.9,16,12,2,0,-28,88,1,0,7,-3,1,0,0,0,0,0,,
Ludvig Nilsson,FW,6.6 mkr,96,0.2,2.6,12,18,2,0,-10,71,1,0,1,-14,15,0,0,0,0,0,,
Oskar Stål-Lyrenäs,FW,6.8 mkr,95,4,2.4,16,15,4,0,-16,74,3,0,1,-2,0,0,0,0,0,0,,
Noah Steen,FW,5.6 mkr,95,0.6,1.9,16,3,0,0,-12,87,0,0,13,-16,4,0,0,0,0,0,,
Dominik Badinka,B,5.9 mkr,95,1.4,1.9,8,9,2,0,-10,85,0,0,3,-9,7,0,0,0,0,0,,
Pontus Näsén,B,6.2 mkr,94,1,2.1,4,33,0,0,-20,77,0,0,1,-1,0,0,0,0,0,0,,
Lukas Pilö,B,6.8 mkr,94,3.4,3.0,4,18,0,0,8,63,1,0,3,-5,2,0,0,0,0,0,,
Linus Sjödin,C,5.6 mkr,94,0,1.8,4,12,0,0,-12,96,0,-7,4,-6,3,0,0,0,0,0,,
Zeb Forsfjäll,C,6.4 mkr,93,3,2.4,4,21,2,0,-14,75,0,3,1,-3,4,0,0,0,0,0,,
Christian Heljanko,MV,8.3 mkr,93,0,4.4,0,0,0,4,0,20,0,0,0,0,0,87,-60,4,15,2,,
Noah Dower Nilsson,FW,5.9 mkr,92,4,2.6,16,18,0,0,-2,62,2,0,1,-5,0,0,0,0,0,0,,
Olle Strandell,B,6.4 mkr,92,-0.2,2.4,4,9,2,0,-4,75,1,0,8,-4,1,0,0,0,0,0,,
Linus Johansson,C,6.9 mkr,91,4.4,2.9,4,27,2,0,4,63,1,-8,2,-10,6,0,0,0,0,0,,
Keegan Lowe,B,6.9 mkr,91,3.6,2.5,4,18,0,0,-12,80,0,0,11,-15,5,0,0,0,0,0,,
Christoffer Rifalk,MV,8.5 mkr,91,0,5.1,0,0,0,4,0,18,0,0,0,0,0,75,-52,4,21,3,,
Kristian Näkyvä,B,6.5 mkr,89,2.2,2.5,0,18,0,0,-12,88,2,0,2,-9,0,0,0,0,0,0,,
Ludvig Jansson,B,5.8 mkr,88,1.8,1.8,4,9,0,0,-4,86,0,0,3,-10,0,0,0,0,0,0,,
Damian Clara,MV,7.8 mkr,88,0,4.2,0,0,0,4,0,16,0,0,0,0,0,69,-53,4,24,3,,
Marcus Sylvegård,FW,9.6 mkr,83,7,6.9,12,27,2,0,14,23,5,0,0,-2,2,0,0,0,0,0,,
Gustaf Lindvall,MV,7.9 mkr,83,3.6,5.5,0,0,0,2,0,14,0,0,0,0,0,54,-31,8,21,0,,
Mikael Seppälä,B,6.2 mkr,82,2.2,2,0,6,0,0,-20,80,0,0,11,-6,11,0,0,0,0,0,,
Robert Rosén,C,7.7 mkr,80,3.2,3.8,8,36,2,0,-8,42,0,2,0,-2,0,0,0,0,0,0,,
Wiktor Nilsson,FW,6.2 mkr,79,0,2.5,8,12,0,0,8,56,0,0,3,-10,2,0,0,0,0,0,,
Matias Lassen,B,5.7 mkr,79,1.6,2.0,0,12,0,0,-4,69,0,0,4,-4,2,0,0,0,0,0,,
Oliver Johansson,FW,5.7 mkr,78,0.4,1.9,8,15,2,0,-14,68,0,0,2,-5,2,0,0,0,0,0,,
Wilhelm Hallquisth,B,5.5 mkr,78,1,2.1,4,24,0,0,-16,61,0,0,6,-1,0,0,0,0,0,0,,
Oliver Eklind,FW,6.1 mkr,78,2.4,2.1,4,15,0,0,-8,63,1,-3,2,-4,8,0,0,0,0,0,,
Isac Solberg,FW,6.0 mkr,78,2.6,2.4,4,12,2,0,8,50,1,0,1,-3,3,0,0,0,0,0,,
Luke Witkowski,B,6.1 mkr,75,5.8,3,8,3,0,0,-4,51,0,0,11,-9,15,0,0,0,0,0,,
Fred Nilsson,B,5.6 mkr,75,1.2,1.8,4,9,0,0,-16,73,0,0,9,-4,0,0,0,0,0,0,,
Hugo Fransson,B,6.0 mkr,74,2.8,2.5,8,9,0,0,-6,59,1,0,4,-2,1,0,0,0,0,0,,
Max Karlsson,FW,5.6 mkr,73,0,2.6,4,15,0,0,6,44,0,1,0,-2,5,0,0,0,0,0,,
Filip Hasa,B,6.0 mkr,72,3.2,2,12,6,0,0,-4,55,2,0,3,-4,2,0,0,0,0,0,,
Frans Haara,B,6.1 mkr,72,3.4,2.3,4,6,0,0,0,49,2,0,2,-1,10,0,0,0,0,0,,
Victor Berglund,B,6.2 mkr,71,3.8,2.6,24,9,4,0,-22,55,1,0,5,-5,0,0,0,0,0,0,,
Mattias Tedenby,FW,5.3 mkr,71,3.2,1.7,24,3,4,0,-22,67,1,0,2,-9,1,0,0,0,0,0,,
Linus Nässén,FW,5.9 mkr,71,0.8,2.0,4,9,0,0,-2,60,0,0,2,-6,4,0,0,0,0,0,,
Alexander Ljungkrantz,FW,6.3 mkr,70,0,2.5,16,3,2,0,14,36,1,0,0,-2,0,0,0,0,0,0,,
Martin Karlsson,FW,6.3 mkr,70,1.4,2.1,12,3,0,0,-14,57,2,0,8,-5,7,0,0,0,0,0,,
Max Martin,B,7.3 mkr,70,6.6,5.8,8,15,0,0,16,29,0,0,1,0,1,0,0,0,0,0,,
Maximilian Eisenmenger,C,5.6 mkr,70,0,2.1,8,6,2,0,0,56,0,-2,1,-1,0,0,0,0,0,0,,
Carter Ashton,FW,6.9 mkr,69,0,3.1,12,15,0,0,6,43,0,0,0,-9,2,0,0,0,0,0,,
Mantas Armalis,MV,8.2 mkr,69,1.6,4.3,0,3,0,2,0,15,0,0,0,0,0,64,-47,4,12,0,,
Måns Carlsson,C,5.5 mkr,68,1.4,1.4,16,15,0,0,-22,75,0,-10,2,-10,2,0,0,0,0,0,,
Patrik Norén,B,6.9 mkr,68,0,2.2,8,0,0,0,-10,69,1,0,8,-14,6,0,0,0,0,0,,
Marcus Eriksson,FW,5.5 mkr,67,0,1.8,12,12,0,0,-12,55,0,0,1,-2,1,0,0,0,0,0,,
Arvid Aronsson,B,5.8 mkr,64,0,2.1,0,12,0,0,-2,51,0,0,5,-6,4,0,0,0,0,0,,
Olof Glifford,MV,6.5 mkr,63,0.6,4.8,0,0,0,4,0,12,0,0,0,0,0,50,-33,4,12,1,,
Filip Eriksson,FW,6.2 mkr,62,0,1.8,8,12,0,0,-22,65,3,-2,1,-4,1,0,0,0,0,0,,
Didrik Strömberg,B,6.5 mkr,62,0,2.3,4,3,0,0,-12,55,0,0,9,-6,9,0,0,0,0,0,,
Jonathan Andersson,B,7.4 mkr,62,0,3.3,0,12,0,0,8,38,0,0,5,-2,1,0,0,0,0,0,,
Thomas Berg-Paulsen,C,6.0 mkr,60,2.2,2.2,12,0,0,0,-8,52,0,0,5,-3,2,0,0,0,0,0,,
Otto Stenberg,FW,5.9 mkr,58,0,2.3,12,9,2,0,-14,47,1,0,1,-2,2,0,0,0,0,0,,
Frederik Dichow,MV,7.2 mkr,58,2.2,3.4,0,0,0,4,0,13,0,0,0,-1,0,61,-48,0,9,3,,
Tommi Tikka,C,5.8 mkr,57,1.4,1.5,0,18,0,0,-26,68,0,-5,4,-14,12,0,0,0,0,0,,
Elias Ekström,FW,6.1 mkr,55,6.4,2.6,4,12,0,0,8,31,0,0,0,-1,1,0,0,0,0,0,,
Joseph Berger,B,5.3 mkr,55,0,1.6,0,6,0,0,-12,52,0,0,6,-2,5,0,0,0,0,0,,
Lubos Horky,FW,7.8 mkr,54,4,6,16,6,0,0,14,18,2,0,0,-3,1,0,0,0,0,0,,
Adam Hofbauer,FW,5.2 mkr,54,1.2,1.4,8,6,0,0,-8,54,0,0,0,-12,6,0,0,0,0,0,,
Herman Träff,FW,5.2 mkr,52,0.8,2.2,12,12,0,0,-6,36,1,0,0,-7,4,0,0,0,0,0,,
Olle Eriksson Ek,MV,6.6 mkr,51,0.2,3.9,0,0,0,0,0,10,0,0,0,0,0,59,-44,4,6,3,,
Arvid Eljas,C,5.3 mkr,42,1,1.1,4,6,0,0,-10,46,0,-3,0,-2,1,0,0,0,0,0,,
Leo Sahlin Wallenius,B,5.3 mkr,41,3.8,3.7,4,12,0,0,0,22,1,0,1,0,1,0,0,0,0,0,,
Valter Lindberg,C,5.3 mkr,39,0,1.4,4,12,0,0,-10,39,0,-5,0,-1,0,0,0,0,0,0,,
Linus Lindblom,FW,5.4 mkr,39,0.2,1.7,4,3,0,0,2,30,0,0,2,-4,2,0,0,0,0,0,,
Hugo Pettersson,FW,5.1 mkr,37,1.8,1.6,16,0,2,0,-18,33,1,0,1,0,2,0,0,0,0,0,,
Jack Berglund,FW,5.4 mkr,36,0,2.6,4,6,0,0,0,20,0,3,0,0,3,0,0,0,0,0,,
Viggo Gustafsson,B,4.5 mkr,36,0,1.7,4,3,2,0,0,27,0,0,1,-1,0,0,0,0,0,0,,
Leo Sundqvist,B,4.9 mkr,35,0,2.3,4,3,0,0,6,22,0,0,1,-1,0,0,0,0,0,0,,
Albin Sundin,B,5.3 mkr,35,2,1.4,0,0,0,0,-12,45,1,0,2,-3,2,0,0,0,0,0,,
Niklas Nilsson,B,5.1 mkr,35,0,1.3,0,0,0,0,0,36,0,0,0,-1,0,0,0,0,0,0,,
Carl Klingberg,FW,6.4 mkr,34,0,2,8,0,0,0,0,26,0,0,0,-2,2,0,0,0,0,0,,
Liam Danielsson,FW,5.0 mkr,34,0.4,2.1,4,3,0,0,2,26,0,0,0,-1,0,0,0,0,0,0,,
Emil Alba,FW,5.5 mkr,31,0.4,1.4,4,0,0,0,-4,29,0,0,1,-3,4,0,0,0,0,0,,
Ville Svensson,C,5.1 mkr,30,1.2,1.4,8,3,0,0,-8,25,0,0,1,-1,2,0,0,0,0,0,,
Anders Lindbäck,MV,6.9 mkr,30,4,4.3,0,0,0,0,0,6,0,0,0,0,0,23,-16,0,9,1,,
Måns Lindbäck,C,5.5 mkr,29,0,0.9,8,0,0,0,-20,47,0,-15,7,-3,5,0,0,0,0,0,,
Rasmus Bergqvist,B,4.6 mkr,29,0.2,1.2,0,3,0,0,-12,39,0,0,2,-5,2,0,0,0,0,0,,
Lucas Pettersson,FW,5.0 mkr,29,1.4,1.2,0,0,0,0,-12,41,2,-1,1,-2,0,0,0,0,0,0,,
Jonathan Myrenberg,B,6.5 mkr,29,0.8,1.6,0,0,0,0,-4,36,0,0,0,-4,1,0,0,0,0,0,,
Axel Smeds,FW,4.8 mkr,29,0.2,1.3,0,0,0,0,0,28,0,0,2,-3,2,0,0,0,0,0,,
Michal Svrcek,FW,4.9 mkr,28,0.4,1.6,4,6,0,0,-2,20,0,0,1,-1,0,0,0,0,0,0,,
Quinn Schmiemann,B,6.1 mkr,28,1.6,4,0,9,0,0,4,14,0,0,1,0,0,0,0,0,0,0,,
Ludwig Byström,B,6.3 mkr,27,0,1.4,0,3,0,0,-8,33,0,0,2,-3,0,0,0,0,0,0,,
Ivar Stenberg,FW,4.7 mkr,24,2.8,1,4,6,0,0,-26,41,0,0,0,-2,1,0,0,0,0,0,,
Linus Eriksson,FW,5.0 mkr,23,1.6,1.3,4,3,0,0,-6,27,0,-2,0,-7,4,0,0,0,0,0,,
Elliot Ekmark,C,5.5 mkr,22,1,2,4,0,0,0,0,15,0,2,0,0,1,0,0,0,0,0,,
Ruben Rafkin,B,6.7 mkr,22,0.2,1.8,0,6,0,0,0,20,0,0,1,-5,0,0,0,0,0,0,,
Ludvig Warg,FW,4.6 mkr,21,0.6,3,4,3,0,0,2,10,0,0,1,0,1,0,0,0,0,0,,
Jakob Ihs Wozniak,FW,5.1 mkr,20,2,2.2,4,3,0,0,4,9,0,0,0,0,0,0,0,0,0,0,,
Arttu Tuhkala,B,5.0 mkr,20,1.2,1.4,0,3,0,0,-2,19,0,0,0,0,0,0,0,0,0,0,,
Viggo Nordlund,FW,4.9 mkr,20,0.8,1.4,0,3,0,0,-2,18,1,0,1,-1,0,0,0,0,0,0,,
Hannes Hellberg,FW,5.4 mkr,20,0,1.4,0,3,0,0,-2,18,1,0,0,0,0,0,0,0,0,0,,
Måns Forsfjäll,B,6.5 mkr,19,1.8,2.4,0,0,0,0,4,15,0,0,2,-2,0,0,0,0,0,0,,
Tyler Benson,FW,5.8 mkr,19,0.2,0.7,0,0,0,0,-18,40,1,-2,1,-5,2,0,0,0,0,0,,
Gustav Hillström,C,5.0 mkr,18,0.2,1.4,4,3,0,0,-6,16,0,0,1,0,0,0,0,0,0,0,,
Oscar Lawner,FW,5.2 mkr,18,1.8,0.6,4,0,0,0,-24,41,0,0,2,-6,1,0,0,0,0,0,,
Viktor Nörringer,FW,4.9 mkr,18,1.2,1.4,0,3,0,0,2,14,0,0,0,-2,1,0,0,0,0,0,,
Mattias Hävelid,B,6.2 mkr,18,0,1.1,0,3,0,0,-16,31,0,0,1,-1,0,0,0,0,0,0,,
Petter Vesterheim,C,5.7 mkr,16,0.6,1.8,0,3,0,0,2,16,0,-3,0,-2,0,0,0,0,0,0,,
Theo Jacobsson,C,5.4 mkr,15,0,1.2,0,3,0,0,-2,14,0,0,0,0,0,0,0,0,0,0,,
William Ignberg Nilsson,FW,5.3 mkr,14,0.6,0.8,0,0,0,0,-14,27,0,0,1,-5,5,0,0,0,0,0,,
Åke Stakkestad,FW,5.0 mkr,13,0,1,0,3,0,0,-10,21,0,0,0,-2,1,0,0,0,0,0,,
Albert Sjöberg,FW,5.6 mkr,12,0,1.7,0,3,0,0,0,9,0,0,0,0,0,0,0,0,0,0,,
Anton Ohlsson,FW,4.8 mkr,11,0.4,0.7,4,0,0,0,-12,19,0,0,0,-1,1,0,0,0,0,0,,
Wille Johansson,C,5.1 mkr,11,0,1.8,0,3,0,0,2,6,0,0,0,0,0,0,0,0,0,0,,
Tim Erixon,B,7.2 mkr,11,0,1.8,0,3,0,0,-4,11,0,0,2,-2,1,0,0,0,0,0,,
Marcus Karlström,B,6.2 mkr,10,0.4,2,0,3,0,0,2,5,0,0,0,0,0,0,0,0,0,0,,
Lukas Vesterlund,FW,4.8 mkr,10,0,1.4,0,3,0,0,-2,7,0,0,1,0,1,0,0,0,0,0,,
Theodor Hallquisth,B,4.5 mkr,10,0,1.1,0,0,0,0,-4,13,0,0,0,0,1,0,0,0,0,0,,
Linus Lindgren,B,4.9 mkr,10,0,0.7,0,0,0,0,-8,18,0,0,1,-1,0,0,0,0,0,0,,
Joel Svensson,FW,4.6 mkr,9,0,2.3,4,0,0,0,0,5,0,0,0,0,0,0,0,0,0,0,,
Fabian Wagner,C,5.1 mkr,9,0,0.6,0,0,0,0,-8,18,0,-1,0,0,0,0,0,0,0,0,,
Simon Zether,C,5.5 mkr,8,0,2.7,0,3,0,0,0,5,0,0,0,0,0,0,0,0,0,0,,
Kevin Rönnelöw,B,4.5 mkr,6,0,1.2,0,0,0,0,0,7,0,0,0,-1,0,0,0,0,0,0,,
Hugo Lejon,FW,4.5 mkr,6,0,0.9,0,0,0,0,-2,7,0,0,1,0,0,0,0,0,0,0,,
Hugo Orrsten,C,5.0 mkr,5,0,1,0,0,0,0,0,5,0,0,0,0,0,0,0,0,0,0,,
Luka Radivojevic,B,5.0 mkr,5,0,2.5,0,0,0,0,2,3,0,0,0,0,0,0,0,0,0,0,,
Gustav Rydahl,C,7.3 mkr,5,0,1.3,0,0,0,0,-2,7,0,0,0,0,0,0,0,0,0,0,,
Elias Straume Vatne,FW,4.5 mkr,4,0,0.8,0,3,0,0,-4,5,0,0,0,0,0,0,0,0,0,0,,
Lukas Cederholm,B,4.5 mkr,4,0,1,0,0,0,0,0,4,0,0,0,0,0,0,0,0,0,0,,
Oscar Davidsson,C,5.0 mkr,4,0,0.4,0,0,0,0,-6,10,0,0,0,0,0,0,0,0,0,0,,
Emon Kulmala,FW,4.5 mkr,4,0,0.6,0,0,0,0,-4,7,0,0,0,-1,2,0,0,0,0,0,,
Eric Bürger,B,4.5 mkr,4,0,1,0,0,0,0,0,4,0,0,0,0,0,0,0,0,0,0,,
Emil Melander,B,4.5 mkr,3,0,1,0,0,0,0,0,3,0,0,0,0,0,0,0,0,0,0,,
August Lissel,C,4.9 mkr,2,0.6,0.2,0,0,0,0,-8,13,0,-1,0,-2,0,0,0,0,0,0,,
Måns Toresson,C,5.0 mkr,2,0.2,0.3,0,0,0,0,-6,8,0,0,0,0,0,0,0,0,0,0,,
Kevin Israelsson,B,4.5 mkr,2,0,1,0,0,0,0,0,2,0,0,0,0,0,0,0,0,0,0,,
Kasper Larsen,B,5.0 mkr,2,0,1,0,0,0,0,0,2,0,0,0,0,0,0,0,0,0,0,,
Dennis Värmhed,C,5.0 mkr,1,0.2,0.3,0,0,0,0,-2,3,0,0,0,0,0,0,0,0,0,0,,
John Nyberg,B,5.9 mkr,1,0,0.1,0,0,0,0,-14,21,0,0,1,-8,1,0,0,0,0,0,,
Herman Hansson,FW,5.8 mkr,1,0,0.2,0,0,0,0,-4,6,0,0,0,-1,0,0,0,0,0,0,,
Albert Schioldan,FW,4.5 mkr,1,-0.2,0.2,0,0,0,0,-6,7,0,0,0,0,0,0,0,0,0,0,,
August Berg,B,6.0 mkr,0,0,0,0,0,0,0,0,0,0,0,0,0,0,0,0,0,0,0,,
Adam Pettersson,C,5.0 mkr,0,0,0,0,0,0,0,0,0,0,0,0,0,0,0,0,0,0,0,,
Anton Johannesson,B,6.0 mkr,0,0,0,0,0,0,0,0,0,0,0,0,0,0,0,0,0,0,0,,
Lucas Lagerberg,B,5.0 mkr,0,0,0,0,0,0,0,0,0,0,0,0,0,0,0,0,0,0,0,,
Hugo Jonasson,B,5.5 mkr,0,0,0,0,0,0,0,0,0,0,0,0,0,0,0,0,0,0,0,,
Linus Lindström,C,8.0 mkr,0,0,0,0,0,0,0,0,0,0,0,0,0,0,0,0,0,0,0,,
Daniel Zaar,FW,7.5 mkr,0,0,0,0,0,0,0,0,0,0,0,0,0,0,0,0,0,0,0,,
Milton Gästrin,FW,4.5 mkr,0,0,0,0,0,0,0,-4,5,0,0,0,-1,0,0,0,0,0,0,,
Noel Fransén,B,4.5 mkr,0,0,0,0,0,0,0,-2,2,0,0,0,0,0,0,0,0,0,0,,
Martin Lundberg,C,6.9 mkr,0,-0.2,0,0,0,0,0,-2,5,0,-3,0,0,0,0,0,0,0,0,,
Jacob Bengtsson,B,5.7 mkr,0,-0.6,0,0,0,0,0,-6,9,0,0,0,-3,0,0,0,0,0,0,,
Jakob Norèn,B,4.4 mkr,-1,-0.4,-0.1,0,0,0,0,-16,14,0,0,0,0,1,0,0,0,0,0,,
Oliwer Kaski,B,8.0 mkr,-2,0,-2,0,0,0,0,-4,2,0,0,0,0,0,0,0,0,0,0,,
